id,post_type,likes,shares,comments,engagement_score,normalized_engagement_score
1,case study,74902,1858,2119,81927,67.88
2,listicle,99817,5772,1790,112055,92.85
3,video,64256,3547,1990,73556.5,60.95
4,static_image,64049,8886,2491,82360,68.24
5,video,40365,4009,626,47630.5,39.47
6,case study,92619,1371,2670,100015.5,82.87
7,video,95833,3679,4759,110869.5,91.86
8,video,18821,8985,21,32340.5,26.8
9,infographic,53226,9083,4499,75848.5,62.85
10,interview,23612,5287,4569,40680.5,33.71
11,review,35294,6317,3523,51815.5,42.93
12,case study,51721,3592,198,57505,47.65
13,video,80466,3821,367,86931.5,72.03
14,review,30552,4834,4709,47221,39.13
15,static_image,26895,573,23,27800.5,23.03
16,static_image,60493,7712,2710,77481,64.2
17,podcast,21336,6326,3297,37419,31
18,tutorial,11013,9414,1079,27292,22.61
19,tutorial,83515,1263,3188,91785.5,76.05
20,carousel,46538,6588,3357,63134,52.31
21,listicle,70496,1778,1714,76591,63.46
22,infographic,38600,2424,2826,47888,39.68
23,infographic,31138,9954,4969,56007,46.41
24,podcast,86519,1738,100,89326,74.01
25,reel,94177,7627,3801,113219.5,93.81
26,listicle,86118,746,4741,96719,80.14
27,listicle,75974,2333,3329,86131.5,71.37
28,video,94041,8378,4056,114720,95.05
29,tutorial,96622,3843,3811,110008.5,91.15
30,listicle,6760,8708,2166,24154,20.01
31,video,62849,7936,4358,83469,69.16
32,reel,631,4604,3271,14079,11.67
33,review,29410,5504,807,39280,32.55
34,review,30516,2027,3216,39988.5,33.13
35,static_image,67961,421,366,69324.5,57.44
36,infographic,45336,8208,4888,67424,55.87
37,review,85543,7934,364,98172,81.34
38,video,31511,4744,491,39609,32.82
39,review,13373,653,4041,22434.5,18.59
40,interview,22726,2730,4170,35161,29.13
41,infographic,91760,9364,3449,112704,93.38
42,case study,65321,76,3136,71707,59.41
43,tutorial,85874,5583,673,95594.5,79.21
44,listicle,83212,4949,940,92515.5,76.66
45,interview,64725,7117,1396,78192.5,64.79
46,infographic,30795,9190,1133,46846,38.82
47,interview,61786,9442,575,77099,63.88
48,tutorial,30313,6125,1158,41816.5,34.65
49,carousel,32971,2878,1800,40888,33.88
50,infographic,62344,7387,4305,82034.5,67.97
51,case study,65499,3970,1971,75396,62.47
52,case study,77973,4507,3007,90747.5,75.19
53,interview,7970,4491,1619,17944.5,14.87
54,tutorial,2411,7792,1490,17079,14.15
55,carousel,78052,6052,4628,96386,79.86
56,infographic,64432,1721,769,68551.5,56.8
57,infographic,41134,1583,2696,48900.5,40.52
58,podcast,29450,5183,33,37290.5,30.9
59,infographic,52489,8382,1445,67952,56.3
60,interview,29514,5047,338,37760.5,31.29
61,reel,25612,4543,3304,39034.5,32.34
62,tutorial,56533,2995,3131,67287.5,55.75
63,listicle,69956,9330,3636,91223,75.59
64,video,12950,5748,2549,26670,22.1
65,tutorial,87395,9674,574,103054,85.39
66,static_image,14059,4030,396,20896,17.31
67,static_image,64020,3009,3363,75259.5,62.36
68,tutorial,88692,5081,1013,98339.5,81.48
69,static_image,4673,8080,3693,24179,20.03
70,case study,92736,9592,366,107856,89.37
71,case study,10267,7902,1829,25778,21.36
72,video,75534,3272,910,82262,68.16
73,reel,51776,9903,3612,73854.5,61.19
74,tutorial,93596,5662,2945,107979,89.47
75,carousel,17575,8013,1648,32890.5,27.25
76,carousel,12165,7413,3901,31086.5,25.76
77,podcast,22140,4430,4436,37657,31.2
78,case study,84464,2296,3052,94012,77.9
79,reel,8645,6351,633,19437.5,16.11
80,podcast,90897,2946,4248,103812,86.02
81,listicle,34874,6673,2329,49541.5,41.05
82,case study,5265,5923,4275,22699.5,18.81
83,reel,71767,3715,4132,85603.5,70.93
84,podcast,47444,7420,3039,64652,53.57
85,podcast,48265,7714,3363,66562,55.15
86,podcast,24710,9351,1508,41752.5,34.6
87,case study,93991,7428,1167,107467,89.04
88,podcast,44237,3032,4356,57497,47.64
89,video,91951,7338,4414,111786,92.62
90,review,86020,4968,1896,97264,80.59
91,carousel,88162,1362,4171,98547,81.65
92,reel,63016,1727,758,67122.5,55.62
93,static_image,19248,1281,3185,27539.5,22.82
94,static_image,130,3074,2191,9123,7.56
95,tutorial,8842,415,3727,16918.5,14.02
96,video,85755,5477,2137,98244.5,81.4
97,interview,84629,9881,1547,102544.5,84.97
98,tutorial,2418,8071,3327,21178.5,17.55
99,case study,33286,7384,344,45050,37.33
100,interview,70337,3198,560,76254,63.18
101,podcast,91096,5198,4919,108731,90.09
102,static_image,2483,919,2022,7905.5,6.55
103,podcast,66321,1833,3065,75200.5,62.31
104,infographic,13777,2441,3818,25074.5,20.78
105,video,47741,8241,1724,63550.5,52.66
106,carousel,41341,9537,4718,65082.5,53.93
107,podcast,38196,1319,1709,43592.5,36.12
108,review,31648,5989,642,41915.5,34.73
109,case study,76505,4036,4787,92133,76.34
110,listicle,47423,3307,4299,60981.5,50.53
111,video,68448,2720,195,72918,60.42
112,infographic,29596,3688,1567,38262,31.7
113,podcast,95070,7883,1957,110808.5,91.81
114,tutorial,51316,3720,4169,65234,54.05
115,podcast,4333,5162,4753,21582,17.88
116,podcast,31603,5262,1258,42012,34.81
117,case study,95216,7378,1767,109817,90.99
118,tutorial,11002,144,3326,17870,14.81
119,reel,61596,5609,2049,74107.5,61.4
120,listicle,11324,1053,1131,15165.5,12.57
121,infographic,1109,2990,2149,9892,8.2
122,tutorial,47607,7532,3088,65081,53.92
123,listicle,63644,2997,4734,77607.5,64.3
124,tutorial,97625,6542,763,108964,90.29
125,reel,72385,729,4451,82380.5,68.26
126,podcast,40175,4329,731,48130.5,39.88
127,review,74057,1943,110,77191.5,63.96
128,podcast,89515,3428,384,95425,79.07
129,carousel,98010,8243,286,110946.5,91.93
130,listicle,36408,552,2190,41616,34.48
131,interview,62290,3646,4175,76109,63.06
132,podcast,97420,7190,3193,114591,94.95
133,interview,41133,3738,1786,50312,41.69
134,listicle,64340,8195,4986,86604.5,71.76
135,case study,50206,4270,3813,64237,53.23
136,reel,7247,228,4142,15873,13.15
137,infographic,33717,5598,2172,46458,38.49
138,review,85142,2406,359,89469,74.13
139,carousel,95205,8610,1735,111590,92.46
140,carousel,49202,4678,1908,60035,49.74
141,review,37262,1189,1741,42527.5,35.24
142,reel,50044,9759,1421,67524.5,55.95
143,tutorial,29197,8086,1991,45308,37.54
144,carousel,70235,6608,1761,83669,69.33
145,interview,77128,4886,2804,90065,74.63
146,infographic,1824,2998,1780,9881,8.19
147,static_image,42679,7985,390,55436.5,45.93
148,review,12339,67,4430,21299.5,17.65
149,review,80554,6452,1386,93004,77.06
150,case study,41170,9125,1694,58245.5,48.26
151,review,81322,4517,1647,91391.5,75.73
152,carousel,31982,8072,2995,50080,41.5
153,review,45669,8767,2277,63373.5,52.51
154,interview,35073,5054,4610,51874,42.98
155,interview,51846,3343,3779,64418.5,53.38
156,carousel,98887,9366,3252,119440,98.97
157,static_image,55455,298,4077,64056,53.08
158,static_image,72355,9315,744,87815.5,72.76
159,interview,97270,3009,227,102237.5,84.71
160,infographic,13588,6008,2819,28238,23.4
161,tutorial,80387,6723,844,92159.5,76.36
162,video,21068,9651,4498,44540.5,36.91
163,listicle,73548,9800,4772,97792,81.03
164,reel,43260,8958,4705,66107,54.77
165,reel,31083,4713,4081,46314.5,38.38
166,reel,34800,4944,2821,47858,39.65
167,interview,47291,6566,619,58378,48.37
168,review,77153,1211,2056,83081.5,68.84
169,review,56878,9116,283,71118,58.93
170,case study,38391,2593,1740,45760.5,37.92
171,carousel,72947,3468,2543,83235,68.97
172,infographic,94882,1173,1995,100631.5,83.38
173,podcast,45604,9729,229,60655.5,50.26
174,video,64073,5380,4439,81021,67.13
175,reel,36430,3240,4266,49822,41.28
176,interview,94352,6332,4031,111912,92.73
177,listicle,31047,3213,940,37746.5,31.28
178,listicle,20687,158,1256,23436,19.42
179,case study,25621,3358,856,32370,26.82
180,review,30997,9334,2802,50602,41.93
181,tutorial,35988,6609,1026,47953.5,39.73
182,infographic,51113,7038,2244,66158,54.82
183,video,52414,6076,3634,68796,57
184,case study,72662,6301,3296,88705.5,73.5
185,interview,17045,9040,3527,37659,31.2
186,infographic,22311,3826,4978,38006,31.49
187,case study,75787,8990,4053,97378,80.69
188,tutorial,30193,5509,3876,46208.5,38.29
189,interview,74770,7485,2394,90785.5,75.22
190,podcast,54691,844,4869,65695,54.43
191,podcast,89272,7072,4431,108742,90.1
192,reel,86540,2318,3711,97439,80.74
193,infographic,15732,49,4891,25587.5,21.2
194,reel,41163,8616,2825,59737,49.5
195,static_image,6006,950,3616,14663,12.15
196,podcast,60309,1705,1780,66426.5,55.04
197,infographic,49521,6555,1351,62055.5,51.42
198,listicle,98586,3715,1933,108024.5,89.51
199,interview,7535,6996,1979,21987,18.22
200,video,64310,3175,4407,77886.5,64.54
201,review,15607,1413,3350,24426.5,20.24
202,review,54099,9539,393,69193.5,57.33
203,listicle,51238,5598,106,59847,49.59
204,interview,86726,5228,2803,100174,83
205,tutorial,85242,5640,3471,100644,83.39
206,listicle,79340,3958,927,87131,72.19
207,static_image,56406,935,1414,60636.5,50.24
208,video,58641,7498,1533,72954,60.45
209,infographic,90619,3433,1844,99456.5,82.41
210,infographic,42356,6536,2409,56978,47.21
211,static_image,78138,9431,1142,94568.5,78.36
212,static_image,37213,2386,2151,45094,37.36
213,podcast,82907,2535,1607,89923.5,74.51
214,static_image,54702,6943,1692,68500.5,56.76
215,video,6441,5704,149,15295,12.67
216,listicle,57576,8314,2729,75505,62.56
217,static_image,79901,2318,2734,88846,73.62
218,tutorial,3843,5853,1463,15548.5,12.88
219,carousel,67513,7066,2334,82780,68.59
220,tutorial,95749,2676,3958,107679,89.22
221,reel,34871,1710,2813,43062,35.68
222,carousel,77377,1093,316,79648.5,66
223,case study,664,6879,47,11076.5,9.18
224,review,77093,965,540,79620.5,65.97
225,carousel,9545,8832,562,23917,19.82
226,infographic,70289,3753,900,77718.5,64.4
227,case study,92620,7540,3205,110340,91.43
228,carousel,11646,730,1669,16079,13.32
229,tutorial,96659,5481,2592,110064.5,91.2
230,review,70361,9102,1363,86740,71.87
231,podcast,235,5802,94,9126,7.56
232,podcast,42239,2286,1160,47988,39.76
233,tutorial,48951,1795,4823,61289.5,50.78
234,tutorial,26237,2320,4119,37955,31.45
235,listicle,62522,1563,2605,70076.5,58.06
236,case study,74428,3793,441,80999.5,67.11
237,listicle,40837,3769,4516,55522.5,46
238,case study,19903,9587,4875,44033.5,36.49
239,listicle,76741,181,2643,82298.5,68.19
240,tutorial,12442,9970,184,27765,23.01
241,review,33581,1309,4304,44152.5,36.58
242,podcast,69056,639,4066,78146.5,64.75
243,carousel,7749,7539,4682,28421.5,23.55
244,podcast,4597,9078,1255,20724,17.17
245,infographic,88489,2106,2882,97412,80.71
246,podcast,12686,8727,4252,34280.5,28.4
247,tutorial,32086,5409,4443,49085.5,40.67
248,static_image,11157,9257,4922,34886.5,28.91
249,listicle,76545,1132,3456,85155,70.56
250,podcast,67220,1926,3419,76947,63.76
251,static_image,30152,7509,854,43123.5,35.73
252,static_image,88452,8253,68,100967.5,83.66
253,static_image,28500,2349,2632,37287.5,30.9
254,reel,12206,334,829,14365,11.9
255,video,59645,1894,1728,65942,54.64
256,listicle,49996,9183,882,65534.5,54.3
257,video,29924,5040,2327,42138,34.91
258,listicle,84745,3540,653,91361,75.7
259,carousel,57799,5438,1733,69422,57.52
260,tutorial,50638,5439,2108,63012.5,52.21
261,podcast,55093,979,2900,62361.5,51.67
262,tutorial,82038,5623,1727,93926.5,77.83
263,infographic,67080,6052,3401,82960,68.74
264,infographic,37255,3036,658,43125,35.73
265,listicle,29849,383,3426,37275.5,30.89
266,interview,54185,1532,2295,61073,50.6
267,video,11325,3190,2741,21592,17.89
268,static_image,81625,8144,1070,95981,79.53
269,listicle,74025,3354,4258,87572,72.56
270,carousel,52713,8469,4633,74682.5,61.88
271,podcast,74253,6289,3110,89906.5,74.49
272,tutorial,87558,5924,2059,100562,83.32
273,review,32917,5039,4695,49865.5,41.32
274,reel,62808,6051,2648,77180.5,63.95
275,video,81425,8652,1703,97809,81.04
276,tutorial,32193,5788,2645,46165,38.25
277,podcast,66899,7119,2041,81659.5,67.66
278,video,69123,6411,2317,83373.5,69.08
279,reel,4179,1312,4957,16061,13.31
280,tutorial,30103,2572,2487,38935,32.26
281,interview,49403,747,3818,58159.5,48.19
282,video,72559,3104,4226,85667,70.98
283,case study,37272,8286,1564,52829,43.77
284,reel,98116,908,3713,106904,88.58
285,static_image,79289,633,3983,88204.5,73.08
286,carousel,28583,7657,2467,45002.5,37.29
287,reel,98227,5462,4952,116324,96.38
288,tutorial,51127,2631,798,56669.5,46.96
289,reel,9870,3745,1485,18457.5,15.29
290,review,62231,7033,3998,80776.5,66.93
291,carousel,30135,6554,2297,44560,36.92
292,case study,43546,9959,3286,65056.5,53.9
293,reel,70801,5182,4832,88238,73.11
294,static_image,64559,9333,3255,85068.5,70.49
295,podcast,62097,1524,384,65151,53.98
296,video,74930,5625,2742,88851.5,73.62
297,interview,59856,9188,356,74350,61.6
298,listicle,9815,1945,896,14524.5,12.03
299,review,90753,7226,1654,104900,86.92
300,listicle,86242,5893,3143,101367.5,83.99
301,listicle,92873,4014,3994,106882,88.56
302,static_image,99752,5754,3159,114701,95.04
303,interview,63111,3722,4037,76768,63.61
304,carousel,97557,511,57,98437.5,81.56
305,carousel,59050,7041,1495,72601.5,60.16
306,infographic,83573,3366,4105,96832,80.23
307,listicle,71233,6710,1809,84916,70.36
308,listicle,65148,7874,4162,85283,70.66
309,carousel,59072,7283,3145,76286.5,63.21
310,video,8414,1452,919,12430,10.3
311,podcast,45212,8523,1986,61968.5,51.35
312,listicle,2945,3322,1110,10148,8.41
313,listicle,52072,4234,2125,62673,51.93
314,reel,39628,8095,4313,60396.5,50.04
315,reel,23541,4243,4881,39667.5,32.87
316,reel,96962,9899,4439,120688.5,100
317,tutorial,37563,6529,4340,56036.5,46.43
318,case study,300,9908,104,15370,12.74
319,case study,89866,7403,1232,103434.5,85.7
320,interview,59053,6744,2419,74007,61.32
321,case study,64034,2949,796,70049.5,58.04
322,video,23,7347,4856,20755.5,17.2
323,video,28916,9757,2673,48897.5,40.52
324,review,9272,6358,4158,27125,22.48
325,video,33847,1478,1113,38290,31.73
326,podcast,55677,4320,3844,69845,57.87
327,review,54947,375,806,57121.5,47.33
328,infographic,7475,526,1674,11612,9.62
329,listicle,29642,5982,3775,46165,38.25
330,static_image,10166,1695,889,14486.5,12
331,infographic,60011,7351,1783,74603.5,61.81
332,video,93873,4556,80,100867,83.58
333,interview,24720,523,3752,33008.5,27.35
334,review,72804,1101,693,75841.5,62.84
335,listicle,3625,1152,918,7189,5.96
336,infographic,40797,4500,4672,56891,47.14
337,podcast,54416,2349,2119,62177.5,51.52
338,infographic,6477,8373,2492,24020.5,19.9
339,review,81570,7921,1856,97163.5,80.51
340,video,38612,6161,3034,53921.5,44.68
341,static_image,40684,7505,2152,56245.5,46.6
342,podcast,82416,6447,4572,101230.5,83.88
343,podcast,65607,6471,713,76739.5,63.58
344,carousel,58144,368,1745,62186,51.53
345,case study,28851,6439,3633,45775.5,37.93
346,video,51897,9926,4650,76086,63.04
347,infographic,67907,1749,1578,73686.5,61.06
348,podcast,86565,7545,783,99448.5,82.4
349,interview,54235,8768,1072,69531,57.61
350,tutorial,73751,5080,3067,87505,72.5
351,video,16710,7071,3543,34402.5,28.51
352,interview,60583,8688,4632,82879,68.67
353,review,37960,4898,3252,51811,42.93
354,tutorial,67236,9842,3621,89241,73.94
355,interview,9413,744,1947,14423,11.95
356,review,85603,5671,3629,101367.5,83.99
357,reel,60410,1843,3268,69710.5,57.76
358,reel,22840,2110,2291,30587,25.34
359,video,11267,7547,1290,25167.5,20.85
360,listicle,34733,9060,4741,57805,47.9
361,interview,53590,3368,4311,67264,55.73
362,video,70106,9835,4015,92888.5,76.97
363,infographic,30453,9215,432,45139.5,37.4
364,video,34577,8257,2163,51288.5,42.5
365,review,78368,4533,1471,88109.5,73.01
366,reel,13046,7965,3129,31251.5,25.89
367,video,34052,9254,4537,57007,47.23
368,reel,24765,7105,4471,44364.5,36.76
369,podcast,56822,5142,58,64651,53.57
370,infographic,85318,1298,4030,95325,78.98
371,podcast,13889,6573,3041,29830.5,24.72
372,listicle,96812,4226,3558,110267,91.36
373,infographic,75924,1950,1556,81961,67.91
374,reel,27368,4005,3995,41365.5,34.27
375,reel,51524,8605,4178,72787.5,60.31
376,listicle,85618,7638,2996,103067,85.4
377,case study,60469,4951,3260,74415.5,61.66
378,listicle,58263,8627,970,73143.5,60.61
379,static_image,68093,4743,3682,82571.5,68.42
380,case study,60351,5567,3695,76091.5,63.05
381,static_image,12974,7651,4321,33092.5,27.42
382,review,28696,8788,1557,44992,37.28
383,listicle,56252,9880,3804,78680,65.19
384,podcast,20234,5109,1126,30149.5,24.98
385,infographic,6882,9085,2536,25581.5,21.2
386,interview,59623,8857,2383,77674.5,64.36
387,infographic,94505,8886,3116,114066,94.51
388,reel,17221,256,932,19469,16.13
389,review,40284,2467,940,45864.5,38
390,listicle,25014,1473,2918,33059.5,27.39
391,infographic,93351,8132,3194,111937,92.75
392,reel,70368,5788,1466,81982,67.93
393,interview,80171,2163,4297,92009.5,76.24
394,podcast,8505,7617,4831,29592.5,24.52
395,interview,65587,2362,2711,74552,61.77
396,infographic,24935,3182,2694,35096,29.08
397,podcast,66816,8128,3008,85024,70.45
398,review,38314,3399,1357,46126.5,38.22
399,static_image,90462,1234,4975,102263,84.73
400,reel,15942,9986,4781,40483,33.54
401,interview,2712,5483,1758,14452.5,11.98
402,reel,3222,6727,4843,22998.5,19.06
403,static_image,61715,6627,3199,78053.5,64.67
404,infographic,6704,117,3167,13213.5,10.95
405,video,82429,2591,1626,89567.5,74.21
406,podcast,75296,3720,2549,85974,71.24
407,case study,87577,2569,4386,100202.5,83.03
408,review,26262,4365,4659,42127.5,34.91
409,podcast,80104,389,1038,82763.5,68.58
410,video,19319,9136,1482,35987,29.82
411,review,28116,7948,3838,47714,39.53
412,tutorial,28580,1927,3351,38172.5,31.63
413,interview,94418,2787,2290,103178.5,85.49
414,podcast,88241,2223,2359,96293.5,79.79
415,reel,639,7855,3881,20183.5,16.72
416,listicle,64034,5683,4200,80958.5,67.08
417,interview,85450,5027,1954,96898.5,80.29
418,podcast,36011,6861,3272,52846.5,43.79
419,case study,70062,5070,383,78433,64.99
420,infographic,91119,9446,738,106764,88.46
421,tutorial,12677,768,1287,16403,13.59
422,infographic,87626,3227,3980,100426.5,83.21
423,review,89722,9365,128,104025.5,86.19
424,infographic,10382,2231,4573,22874.5,18.95
425,infographic,39323,9177,300,53688.5,44.49
426,static_image,49312,6238,685,60039,49.75
427,video,27901,8941,3585,48482.5,40.17
428,reel,13221,2479,4645,26229.5,21.73
429,review,9178,9442,294,23929,19.83
430,tutorial,53509,6705,4858,73282.5,60.72
431,interview,25152,3628,168,30930,25.63
432,static_image,70655,5626,761,80616,66.8
433,listicle,87460,4503,450,95114.5,78.81
434,case study,73366,3045,463,78859.5,65.34
435,reel,55295,947,444,57603.5,47.73
436,review,50851,1320,4049,60929,50.48
437,static_image,23255,7474,4789,44044,36.49
438,infographic,40151,6194,3602,56646,46.94
439,video,11251,4771,1417,21241.5,17.6
440,reel,26533,676,3014,33575,27.82
441,static_image,97453,3633,2353,107608.5,89.16
442,case study,57099,3728,3408,69507,57.59
443,listicle,16100,6329,3619,32831.5,27.2
444,reel,25785,1365,1861,31554.5,26.15
445,case study,32572,2986,3811,44673,37.02
446,case study,49697,5153,2819,63064.5,52.25
447,tutorial,99331,1886,657,103474,85.74
448,podcast,95485,5922,1247,106862,88.54
449,reel,9726,8443,1278,24946.5,20.67
450,video,97624,8621,903,112361.5,93.1
451,case study,88560,2402,1316,94795,78.55
452,static_image,14695,3705,3470,27192.5,22.53
453,static_image,73590,7969,136,85815.5,71.1
454,carousel,27817,9342,3193,48216,39.95
455,static_image,53695,872,449,55901,46.32
456,podcast,14183,8576,4484,36015,29.84
457,review,88934,9045,244,102989.5,85.33
458,review,37222,3677,4825,52387.5,43.41
459,infographic,79201,2498,2982,88912,73.67
460,infographic,60399,6540,3358,76925,63.74
461,listicle,53856,8311,3644,73610.5,60.99
462,review,29514,3166,3625,41513,34.4
463,tutorial,24222,1554,3123,32799,27.18
464,reel,57523,1651,4876,69751.5,57.79
465,interview,64442,4336,2541,76028,63
466,podcast,90503,4595,93,97581.5,80.85
467,carousel,56499,2816,434,61591,51.03
468,interview,95730,1967,1348,101376.5,84
469,carousel,22844,8969,1589,39475.5,32.71
470,reel,48395,7185,1539,62250.5,51.58
471,listicle,59097,5350,4081,75284,62.38
472,review,7269,8319,3519,26785.5,22.19
473,infographic,41262,3824,2917,52832,43.78
474,review,40448,4711,550,48614.5,40.28
475,podcast,21787,6626,3239,38204,31.66
476,case study,60727,2615,1914,68477.5,56.74
477,interview,54858,4063,4435,69822.5,57.85
478,carousel,71238,7975,2287,87774.5,72.73
479,carousel,39841,905,4735,50668.5,41.98
480,reel,4711,5741,3223,19768.5,16.38
481,reel,15024,5137,4412,31553.5,26.14
482,tutorial,2864,5833,4614,20841.5,17.27
483,carousel,95759,7135,332,107125.5,88.76
484,reel,69724,6925,1178,82467.5,68.33
485,interview,29987,2843,1931,38113.5,31.58
486,static_image,1958,7038,2483,17481,14.48
487,listicle,39747,6934,1636,53420,44.26
488,static_image,51938,3935,1643,61126.5,50.65
489,interview,45940,4026,1106,54191,44.9
490,infographic,72698,9658,3635,94455,78.26
491,review,97928,5536,2368,110968,91.95
492,tutorial,78364,3108,4421,91868,76.12
493,case study,16524,264,197,17314,14.35
494,static_image,55062,6093,4880,73961.5,61.28
495,listicle,24452,9877,637,40541.5,33.59
496,review,61690,5163,4076,77586.5,64.29
497,infographic,9576,928,2040,15048,12.47
498,review,66388,8336,2041,82974,68.75
499,carousel,75226,5946,568,85281,70.66
500,reel,7795,3008,4082,20471,16.96
501,listicle,29785,9185,2201,47964.5,39.74
502,review,34112,4947,1976,45484.5,37.69
503,reel,27162,7943,2755,44586.5,36.94
504,infographic,66493,9306,92,80636,66.81
505,static_image,7153,6276,2545,21657,17.94
506,reel,3764,2897,4564,17237.5,14.28
507,infographic,39307,2280,1665,46057,38.16
508,listicle,41432,6390,96,51209,42.43
509,infographic,34790,5656,1267,45808,37.96
510,review,60697,1793,918,65222.5,54.04
511,case study,66690,7931,654,79894.5,66.2
512,tutorial,66848,3181,1074,73767.5,61.12
513,review,46847,8471,3230,66013.5,54.7
514,interview,13351,2754,4860,27202,22.54
515,video,63322,7960,2733,80728,66.89
516,static_image,12081,2063,368,15911.5,13.18
517,reel,12726,2513,2111,20717.5,17.17
518,podcast,50717,9966,4971,75608,62.65
519,case study,57117,3136,415,62651,51.91
520,case study,11387,1175,4643,22435.5,18.59
521,interview,7411,3935,2289,17891.5,14.82
522,case study,43175,3433,3996,56316.5,46.66
523,video,41284,5243,539,50226.5,41.62
524,static_image,95253,7644,2598,111915,92.73
525,tutorial,4358,5901,878,14965.5,12.4
526,carousel,94400,86,4160,102849,85.22
527,static_image,46995,9252,3056,66985,55.5
528,infographic,25483,7651,1758,40475.5,33.54
529,listicle,16883,9527,3532,38237.5,31.68
530,video,28535,2036,509,32607,27.02
531,infographic,13506,870,3522,21855,18.11
532,static_image,80572,2188,2519,88892,73.65
533,carousel,8547,7781,4088,28394.5,23.53
534,listicle,54150,7498,2038,69473,57.56
535,infographic,2683,9841,1721,20886.5,17.31
536,podcast,81685,3168,4632,95701,79.3
537,carousel,68879,8675,4639,91169.5,75.54
538,carousel,84570,944,2211,90408,74.91
539,video,52958,2279,1322,59020.5,48.9
540,interview,4058,9648,1718,21966,18.2
541,reel,36553,2300,4602,49207,40.77
542,tutorial,82820,8522,2524,100651,83.4
543,interview,95415,9776,1499,113077,93.69
544,listicle,73189,2671,890,78975.5,65.44
545,podcast,67580,7638,2937,84911,70.36
546,static_image,57596,9795,4030,80348.5,66.58
547,carousel,40177,8116,3765,59881,49.62
548,infographic,53759,8978,2100,71426,59.18
549,video,89640,505,1145,92687.5,76.8
550,interview,55914,18,3840,63621,52.72
551,listicle,17083,8995,146,30867.5,25.58
552,case study,19126,3885,2881,30715.5,25.45
553,tutorial,4047,8806,4294,25844,21.41
554,video,35780,3254,4983,50627,41.95
555,reel,8828,4090,3804,22571,18.7
556,review,49742,9171,3857,71212.5,59.01
557,case study,98511,2704,4343,111253,92.18
558,video,13530,7143,348,24940.5,20.67
559,interview,81768,7631,187,93588.5,77.55
560,case study,39166,4472,1998,49870,41.32
561,listicle,55951,2950,4596,69568,57.64
562,infographic,78912,6817,684,90505.5,74.99
563,case study,11093,5020,877,20377,16.88
564,review,21475,8067,4319,42213.5,34.98
565,infographic,61012,215,3633,68600.5,56.84
566,video,3802,9348,4522,26868,22.26
567,static_image,15756,5845,4859,34241.5,28.37
568,interview,95885,5531,4064,112309.5,93.06
569,infographic,15880,2562,733,21189,17.56
570,review,83761,3024,4069,96435,79.9
571,case study,19055,4696,2881,31861,26.4
572,reel,21396,1527,676,25038.5,20.75
573,review,42336,281,1478,45713.5,37.88
574,interview,54755,6040,1018,65851,54.56
575,reel,11591,3678,4498,26104,21.63
576,video,40899,6303,2044,54441.5,45.11
577,interview,63217,458,2877,69658,57.72
578,static_image,14066,2606,4667,27309,22.63
579,review,66859,1083,4933,78349.5,64.92
580,interview,6940,2030,3380,16745,13.87
581,review,94305,6219,1042,105717.5,87.6
582,review,65229,1179,456,67909.5,56.27
583,listicle,65910,1020,127,67694,56.09
584,static_image,33372,2747,3450,44392.5,36.78
585,infographic,84741,9835,3414,106321.5,88.1
586,infographic,65790,9038,1385,82117,68.04
587,listicle,39893,9242,1389,56534,46.84
588,video,73104,4290,1711,82961,68.74
589,tutorial,77028,4847,1206,86710.5,71.85
590,listicle,96819,250,1275,99744,82.65
591,infographic,60245,97,249,60888.5,50.45
592,video,20948,6931,4186,39716.5,32.91
593,listicle,76204,231,2091,80732.5,66.89
594,carousel,91775,9781,791,108028.5,89.51
595,case study,72816,8167,3918,92902.5,76.98
596,carousel,77573,4010,3336,90260,74.79
597,case study,82593,7976,3936,102429,84.87
598,interview,63529,9570,3365,84614,70.11
599,review,71348,6066,1553,83553,69.23
600,carousel,85768,45,2052,89939.5,74.52
601,review,39839,2657,1221,46266.5,38.34
602,case study,46996,7141,1573,60853.5,50.42
603,carousel,29333,6975,4921,49637.5,41.13
604,static_image,5355,5687,663,15211.5,12.6
605,carousel,14232,9134,254,28441,23.57
606,infographic,44129,4583,1868,54739.5,45.36
607,static_image,54352,8754,937,69357,57.47
608,interview,8182,3361,4768,22759.5,18.86
609,listicle,83607,5708,1287,94743,78.5
610,static_image,32339,7145,4359,51774.5,42.9
611,infographic,36725,7240,4890,57365,47.53
612,carousel,10790,1862,276,14135,11.71
613,case study,2232,851,469,4446.5,3.68
614,tutorial,14982,9681,3330,36163.5,29.96
615,carousel,1787,2808,390,6779,5.62
616,case study,19944,4201,3535,33315.5,27.6
617,listicle,71432,5113,2454,84009.5,69.61
618,tutorial,96509,998,2955,103916,86.1
619,static_image,52058,8868,1833,69026,57.19
620,listicle,57172,3191,4566,71090.5,58.9
621,tutorial,46250,4494,4053,61097,50.62
622,case study,73643,3217,1680,81828.5,67.8
623,infographic,18973,7170,1314,32356,26.81
624,static_image,57117,3482,199,62738,51.98
625,video,44988,3389,826,51723.5,42.86
626,podcast,69119,9113,4720,92228.5,76.42
627,tutorial,70924,8397,632,84783.5,70.25
628,reel,20595,1720,3394,29963,24.83
629,case study,98978,1590,4767,110897,91.89
630,podcast,75961,1312,1645,81219,67.3
631,listicle,27182,9898,300,42629,35.32
632,carousel,8129,6778,4299,26894,22.28
633,reel,37954,7594,700,50745,42.05
634,review,19830,6480,1611,32772,27.15
635,podcast,80179,9220,4306,102621,85.03
636,case study,94691,6389,958,106190.5,87.99
637,review,52877,6779,1738,66521.5,55.12
638,podcast,51444,5602,3081,66009,54.69
639,review,93705,8722,959,108706,90.07
640,interview,70212,9195,1750,87504.5,72.5
641,video,77657,3140,4050,90467,74.96
642,video,9552,7920,2822,27076,22.43
643,tutorial,56660,2456,2485,65314,54.12
644,static_image,58845,8313,96,71506.5,59.25
645,case study,58179,5921,3956,74972.5,62.12
646,reel,37299,1208,1501,42113,34.89
647,video,82894,6056,9,91996,76.23
648,infographic,61292,6056,554,71484,59.23
649,static_image,25715,9385,3618,47028.5,38.97
650,static_image,10199,5757,1209,21252.5,17.61
651,tutorial,69056,114,4091,77409,64.14
652,review,58819,7156,1617,72787,60.31
653,review,90203,6809,398,101212.5,83.86
654,case study,88273,5886,3378,103858,86.05
655,infographic,24405,4804,4758,41127,34.08
656,listicle,92205,3187,48,97081.5,80.44
657,listicle,85324,2647,4948,99190.5,82.19
658,carousel,2276,9502,1785,20099,16.65
659,infographic,87077,1452,850,90955,75.36
660,listicle,28573,5487,2691,42185.5,34.95
661,reel,88511,8739,3355,108329.5,89.76
662,listicle,17130,5888,572,27106,22.46
663,podcast,33201,887,1423,37377.5,30.97
664,tutorial,61978,7576,3818,80978,67.1
665,case study,39877,3637,1513,48358.5,40.07
666,tutorial,44646,605,3554,52661.5,43.63
667,podcast,7572,9701,2273,26669.5,22.1
668,infographic,1529,5712,2628,15353,12.72
669,static_image,87304,6062,4299,104995,87
670,video,54172,9185,1797,71543.5,59.28
671,infographic,40133,2984,4917,54443,45.11
672,podcast,40013,3681,4316,54166.5,44.88
673,video,98026,1921,4593,110093.5,91.22
674,reel,40879,2804,2045,49175,40.75
675,video,80024,172,1991,84264,69.82
676,infographic,33968,4803,1997,45166.5,37.42
677,podcast,25903,3603,2057,35421.5,29.35
678,case study,58480,614,1025,61451,50.92
679,tutorial,56214,7272,537,68196,56.51
680,listicle,96930,6000,1078,108086,89.56
681,infographic,27088,3098,4665,41065,34.03
682,video,31056,5478,2728,44729,37.06
683,static_image,82639,6829,4854,102590.5,85
684,reel,61921,8191,3990,82187.5,68.1
685,carousel,11931,9123,1307,28229.5,23.39
686,case study,19300,2846,4592,32753,27.14
687,static_image,74463,4844,104,81937,67.89
688,interview,56574,5758,4141,73493,60.89
689,infographic,51311,9984,4006,74299,61.56
690,video,11537,2938,4848,25640,21.24
691,review,64392,1630,407,67651,56.05
692,infographic,80310,933,1813,85335.5,70.71
693,static_image,7138,4703,3382,20956.5,17.36
694,case study,41523,8759,1884,58429.5,48.41
695,case study,82655,9220,2237,100959,83.65
696,review,61310,5893,4661,79471.5,65.85
697,tutorial,67552,4919,4632,84194.5,69.76
698,interview,43326,5483,223,51996.5,43.08
699,review,22287,2717,3898,34158.5,28.3
700,tutorial,13672,6433,4274,31869.5,26.41
701,interview,24470,3748,1755,33602,27.84
702,podcast,31436,479,4111,40376.5,33.46
703,video,64330,4586,3639,78487,65.03
704,tutorial,45144,6437,848,56495.5,46.81
705,infographic,31217,1230,1690,36442,30.2
706,podcast,23642,128,4520,32874,27.24
707,listicle,86973,3463,1231,94629.5,78.41
708,review,23951,6862,920,36084,29.9
709,reel,3029,9787,1233,20175.5,16.72
710,podcast,80720,3944,267,87170,72.23
711,tutorial,14220,7298,2073,29313,24.29
712,interview,93177,240,3464,100465,83.24
713,case study,6974,4604,742,15364,12.73
714,case study,40022,2905,2505,49389.5,40.92
715,reel,32457,9586,1946,50728,42.03
716,case study,98078,7404,2621,114426,94.81
717,interview,96141,1393,3772,105774.5,87.64
718,static_image,95075,2315,2760,104067.5,86.23
719,static_image,50552,7198,401,62151,51.5
720,review,41909,3011,3846,54117.5,44.84
721,video,16795,8084,3783,36487,30.23
722,case study,77193,1364,1787,82813,68.62
723,interview,853,9264,2271,19291,15.98
724,infographic,81016,9037,4316,103203.5,85.51
725,video,48731,461,1407,52236.5,43.28
726,reel,84330,3137,61,89157.5,73.87
727,reel,60575,7466,1700,75174,62.29
728,podcast,54642,3466,3143,66127,54.79
729,static_image,91834,1091,2190,97850.5,81.08
730,tutorial,83173,3941,4821,98726.5,81.8
731,tutorial,49553,2644,4906,63331,52.47
732,review,76769,7418,635,89166,73.88
733,interview,91565,2210,2845,100570,83.33
734,podcast,64214,63,4971,74250.5,61.52
735,infographic,5938,407,1064,8676.5,7.19
736,video,38351,6441,3887,55786.5,46.22
737,static_image,98985,7180,4238,118231,97.96
738,infographic,66717,965,1864,71892.5,59.57
739,podcast,13371,3067,1035,20041.5,16.61
740,listicle,41273,7338,670,53620,44.43
741,video,81214,5106,3353,95579,79.19
742,video,14735,645,1825,19352.5,16.04
743,tutorial,54018,5761,3080,68819.5,57.02
744,listicle,75492,737,4236,85069.5,70.49
745,review,95930,4365,1684,105845.5,87.7
746,case study,87117,8680,3456,107049,88.7
747,infographic,269,9588,4553,23757,19.68
748,static_image,46913,7054,3592,64678,53.59
749,static_image,45771,3702,3753,58830,48.75
750,review,58417,6320,4298,76493,63.38
751,infographic,99573,231,759,101437.5,84.05
752,case study,60025,5926,3765,76444,63.34
753,review,38402,4120,1840,48262,39.99
754,static_image,10232,9400,2134,28600,23.7
755,interview,52873,5186,3361,67374,55.82
756,static_image,24742,3518,447,30913,25.61
757,interview,39506,1820,908,44052,36.5
758,infographic,66512,4133,4883,82477.5,68.34
759,carousel,10462,3367,3939,23390.5,19.38
760,listicle,43111,479,2769,49367.5,40.9
761,podcast,87086,8698,1416,102965,85.31
762,tutorial,8182,6622,2005,22125,18.33
763,video,45858,4641,3114,59047.5,48.93
764,interview,83763,9677,4452,107182.5,88.81
765,podcast,15798,1319,4386,26548.5,22
766,listicle,62465,9802,1538,80244,66.49
767,video,95976,1459,2112,102388.5,84.84
768,listicle,52709,5729,577,62456.5,51.75
769,tutorial,21541,7751,2994,39155.5,32.44
770,video,90534,4480,1263,99780,82.68
771,infographic,19714,240,1747,23568,19.53
772,video,14604,3693,2266,24675.5,20.45
773,reel,20074,6608,245,30476,25.25
774,case study,65233,2859,658,70837.5,58.69
775,carousel,42935,4421,3547,56660.5,46.95
776,infographic,26974,3784,1515,35680,29.56
777,review,24366,2888,2731,34160,28.3
778,listicle,36708,8625,2443,54531.5,45.18
779,review,55604,9135,607,70520.5,58.43
780,carousel,2366,3545,2214,12111.5,10.04
781,carousel,60257,4275,3695,74059.5,61.36
782,carousel,73662,778,1738,78305,64.88
783,listicle,77276,7116,2786,93522,77.49
784,listicle,93233,9209,3463,113972.5,94.44
785,static_image,16820,2291,4452,29160.5,24.16
786,interview,2724,8831,1697,19364.5,16.05
787,reel,18691,6930,302,29690,24.6
788,reel,3589,4542,2836,16074,13.32
789,infographic,95490,4145,3883,109473.5,90.71
790,carousel,95002,5579,2789,108948.5,90.27
791,tutorial,17012,5355,1505,28054.5,23.25
792,carousel,51083,8375,2661,68967.5,57.15
793,case study,93556,6710,2831,109283,90.55
794,static_image,4283,4083,197,10801.5,8.95
795,static_image,85002,4297,2084,95615.5,79.23
796,review,22816,4240,3979,37134,30.77
797,case study,83159,8344,3418,102511,84.94
798,reel,81389,6418,3605,98226,81.39
799,case study,94974,3012,155,99802,82.69
800,infographic,35025,7474,4286,54808,45.41
801,listicle,31095,5266,4557,48108,39.86
802,interview,37871,5762,1699,49912,41.36
803,interview,72022,8704,366,85810,71.1
804,carousel,12509,2289,1385,18712.5,15.5
805,review,4896,4319,3998,19370.5,16.05
806,infographic,92492,5237,1916,104179.5,86.32
807,interview,69287,4593,2418,81012.5,67.13
808,static_image,58745,4441,1628,68662.5,56.89
809,interview,23039,3851,2526,33867.5,28.06
810,listicle,79943,3395,439,85913.5,71.19
811,static_image,46447,3076,4270,59601,49.38
812,reel,31430,5620,548,40956,33.94
813,carousel,32909,5153,81,40800.5,33.81
814,static_image,40236,9748,1081,57020,47.25
815,case study,65833,1968,1314,71413,59.17
816,interview,71928,4948,886,81122,67.22
817,video,58449,6812,1438,71543,59.28
818,review,52135,1689,2123,58914.5,48.82
819,listicle,92434,1530,1085,96899,80.29
820,tutorial,4856,3336,1513,12886,10.68
821,case study,65633,9623,2325,84717.5,70.2
822,carousel,14900,3422,3840,27713,22.96
823,reel,23763,5825,3916,40332.5,33.42
824,review,27549,9141,914,43088.5,35.7
825,case study,53823,2466,374,58270,48.28
826,review,86329,9818,4234,109524,90.75
827,tutorial,57036,7580,2005,72416,60
828,interview,61367,5638,32,69888,57.91
829,listicle,20798,4267,2026,31250.5,25.89
830,static_image,65433,7701,1080,79144.5,65.58
831,podcast,7691,6519,972,19413.5,16.09
832,video,44772,7591,3045,62248.5,51.58
833,carousel,42354,1659,2204,49250.5,40.81
834,infographic,98491,2126,4196,110072,91.2
835,listicle,50855,6483,2461,65501.5,54.27
836,listicle,84029,9826,851,100470,83.25
837,podcast,98115,1281,3414,106864.5,88.55
838,reel,9531,7969,1668,24820.5,20.57
839,static_image,67087,9525,4772,90918.5,75.33
840,reel,61588,6485,4845,81005.5,67.12
841,video,29637,7005,1124,42392.5,35.13
842,static_image,34583,455,4,35273.5,29.23
843,case study,47906,19,2081,52096.5,43.17
844,infographic,95722,836,4014,105004,87
845,static_image,13682,1150,2334,20075,16.63
846,case study,83323,3232,3108,94387,78.21
847,reel,76969,5188,1516,87783,72.74
848,reel,94283,1754,827,98568,81.67
849,interview,41699,873,4895,52798.5,43.75
850,carousel,84368,4513,511,92159.5,76.36
851,case study,12521,6499,3745,29759.5,24.66
852,video,35103,5821,3752,51338.5,42.54
853,static_image,48544,1535,471,51788.5,42.91
854,static_image,26912,227,251,27754.5,23
855,video,92609,9513,4084,115046.5,95.33
856,infographic,43096,9487,179,57684.5,47.8
857,interview,2335,3075,745,8437.5,6.99
858,tutorial,72870,8236,155,85534,70.87
859,podcast,10111,9281,742,25516.5,21.14
860,interview,83271,8769,4213,104850.5,86.88
861,carousel,18341,8368,4354,39601,32.81
862,carousel,30776,4209,3308,43705.5,36.21
863,case study,97457,561,4666,107630.5,89.18
864,infographic,12603,406,1851,16914,14.01
865,carousel,15084,167,324,15982.5,13.24
866,infographic,83954,2759,557,89206.5,73.91
867,case study,87852,1196,4714,99074,82.09
868,video,69732,4532,4780,86090,71.33
869,listicle,1646,8743,4917,24594.5,20.38
870,podcast,70810,5526,3425,85949,71.22
871,video,99016,1933,1307,104529.5,86.61
872,case study,438,3516,3719,13150,10.9
873,static_image,13404,3423,3474,25486.5,21.12
874,case study,95072,9712,7,109654,90.86
875,review,65833,4080,121,72195,59.82
876,case study,97596,6349,4269,115657.5,95.83
877,interview,78620,4174,4677,94235,78.08
878,interview,24821,7570,4775,45726,37.89
879,infographic,34388,1510,2811,42275,35.03
880,tutorial,9785,2049,3153,19164.5,15.88
881,carousel,80439,2548,1443,87147,72.21
882,case study,96277,9846,1208,113462,94.01
883,static_image,28662,9182,691,43817,36.31
884,case study,12773,1012,533,15357,12.72
885,interview,41965,9659,573,57599.5,47.73
886,video,53068,9617,2348,72189.5,59.81
887,listicle,37510,3630,3976,50907,42.18
888,carousel,41750,7377,3131,59077.5,48.95
889,static_image,70508,3353,3046,81629.5,67.64
890,review,74065,2624,4919,87839,72.78
891,interview,83761,9160,3267,104035,86.2
892,reel,55677,2406,2250,63786,52.85
893,static_image,21367,6703,2749,36919.5,30.59
894,tutorial,83729,48,3713,91227,75.59
895,podcast,77404,9962,4048,100443,83.22
896,review,46246,312,3653,54020,44.76
897,video,59811,3702,4872,75108,62.23
898,static_image,99199,2885,1082,105690.5,87.57
899,listicle,14186,6992,680,26034,21.57
900,reel,95428,2926,4170,108157,89.62
901,interview,52229,7172,1116,65219,54.04
902,static_image,15635,5118,672,24656,20.43
903,case study,26497,1868,4358,38015,31.5
904,tutorial,735,395,4632,10591.5,8.78
905,review,97009,1821,3726,107192.5,88.82
906,infographic,15154,4823,4539,31466.5,26.07
907,tutorial,98427,254,4483,107774,89.3
908,video,3757,6548,2936,19451,16.12
909,video,33189,1548,3653,42817,35.48
910,static_image,95496,2054,2297,103171,85.49
911,review,92399,19,1572,95571.5,79.19
912,case study,55866,7905,4690,77103.5,63.89
913,static_image,60362,5534,222,69107,57.26
914,listicle,43104,9611,4939,67398.5,55.85
915,infographic,13101,2677,1284,19684.5,16.31
916,tutorial,37897,7826,3643,56922,47.16
917,video,13782,2276,4612,26420,21.89
918,podcast,8959,9781,221,24072.5,19.95
919,carousel,61363,2669,429,66224.5,54.87
920,carousel,51107,1119,2603,57991.5,48.05
921,podcast,84439,8572,3311,103919,86.11
922,listicle,93572,773,4020,102771.5,85.15
923,podcast,73895,3607,4543,88391.5,73.24
924,video,25438,2447,951,31010.5,25.69
925,podcast,60241,8778,3251,79910,66.21
926,tutorial,23978,5669,190,32861.5,27.23
927,infographic,23777,6023,2809,38429.5,31.84
928,tutorial,73908,1350,2116,80165,66.42
929,reel,74484,4549,2877,87061.5,72.14
930,interview,83589,7975,249,96049.5,79.58
931,tutorial,97271,6079,4008,114405.5,94.79
932,carousel,39543,3342,172,44900,37.2
933,static_image,77060,2572,4466,89850,74.45
934,podcast,36524,4145,582,43905.5,36.38
935,reel,91767,7498,3957,110928,91.91
936,case study,14398,7747,1790,29598.5,24.52
937,review,50606,4648,922,59422,49.24
938,review,81065,4754,2118,92432,76.59
939,listicle,13089,6118,3553,29372,24.34
940,carousel,44048,5695,1284,55158.5,45.7
941,tutorial,97556,2385,3705,108543.5,89.94
942,reel,5851,2815,2937,15947.5,13.21
943,tutorial,39960,9,631,41235.5,34.17
944,podcast,61935,5517,1374,72958.5,60.45
945,video,89392,2150,1160,94937,78.66
946,review,17348,8595,3467,37174.5,30.8
947,tutorial,24630,6934,2148,39327,32.59
948,interview,37943,9724,4607,61743,51.16
949,review,9342,1823,4243,20562.5,17.04
950,video,47531,9323,3831,69177.5,57.32
951,listicle,82345,1477,4545,93650.5,77.6
952,infographic,36622,8951,535,51118.5,42.36
953,infographic,83676,8428,4625,105568,87.47
954,listicle,83023,6440,959,94601,78.38
955,reel,35426,2353,4085,47125.5,39.05
956,listicle,24266,418,4333,33559,27.81
957,static_image,35465,3864,1554,44369,36.76
958,listicle,54363,8831,4833,77275.5,64.03
959,static_image,52700,782,4583,63039,52.23
960,reel,53171,9932,2650,73369,60.79
961,interview,63816,445,1058,66599.5,55.18
962,video,93853,9191,4101,115841.5,95.98
963,listicle,69125,2877,1899,77238.5,64
964,static_image,27770,2955,3988,40178.5,33.29
965,video,47776,2812,93,52180,43.24
966,video,28552,7361,3906,47405.5,39.28
967,reel,93979,6604,1269,106423,88.18
968,case study,32873,9404,4803,56585,46.89
969,tutorial,28977,6100,606,39339,32.6
970,listicle,18181,7579,1197,31943.5,26.47
971,static_image,63640,2211,4391,75738.5,62.76
972,listicle,53374,5244,1750,64740,53.64
973,reel,45109,4398,1766,55238,45.77
974,static_image,57780,6499,2947,73422.5,60.84
975,infographic,44475,9688,4653,68313,56.6
976,review,26788,5598,1620,38425,31.84
977,listicle,26159,9675,2641,45953.5,38.08
978,carousel,12000,2327,262,16014.5,13.27
979,case study,37214,2115,4654,49694.5,41.18
980,tutorial,63065,6888,1864,77125,63.9
981,static_image,65201,5296,2890,78925,65.4
982,carousel,52652,3816,2268,62912,52.13
983,listicle,84665,6011,3602,100885.5,83.59
984,infographic,7256,6601,1564,20285.5,16.81
985,infographic,96636,6069,2626,110991.5,91.97
986,listicle,95957,2245,2269,103862.5,86.06
987,video,53749,3298,552,59800,49.55
988,tutorial,90873,9423,596,106199.5,87.99
989,interview,27795,6442,3204,43866,36.35
990,static_image,74350,8247,4896,96512.5,79.97
991,listicle,40318,1072,3226,48378,40.09
992,static_image,9606,505,1710,13783.5,11.42
993,infographic,87432,2982,2926,97757,81
994,tutorial,95905,6655,3511,112909.5,93.55
995,video,99335,4406,151,106246,88.03
996,review,3805,8107,928,17821.5,14.77
997,listicle,35481,2543,3282,45859.5,38
998,infographic,87476,9721,4577,111211.5,92.15
999,carousel,32647,5657,1584,44300.5,36.71
1000,infographic,97604,7531,4927,118754.5,98.4
